"","plot_name","reserve","year","month","collection_date","treatment","veg_category","veg_type","tick_density","tick_count","soil_surface_severity_mean","bare_soil_char_mean","woody_debris_mean","distance_to_perim","reserve_percentburn","tmean_normal","vpd_mean_normal","ppt_mean_overall","ppt_meanpre.firewinter","ppt_meanpost.firewinter_1","ppt_meanpost.firewinter_2"
"1","ML BURN G03","McLaughlin",2022,"March","2022-03-17","Burn","Grassland","Grass",0,0,2,79,0.5,890.900266047144,49.6884928474043,16,14.004999756813,71.1702401638031,82.0502500534058,66.8683729171753,64.5920975208282
"2","ML BURN O03","McLaughlin",2022,"March","2022-03-17","Burn","Forest","Oak",0,0,4,9.5,1.25,946.595377634637,49.6884928474043,16,14.004999756813,71.1702401638031,82.0502500534058,66.8683729171753,64.5920975208282
"3","ML BURN O05","McLaughlin",2022,"March","2022-03-17","Burn","Forest","Oak",7.5,6,4,30,2,84.3371729188371,49.6884928474043,15.7999992370605,13.5099997520447,76.863940089941,89.8884992599487,71.5919990539551,69.1113219559193
"4","ML BURN O04","McLaughlin",2022,"March","2022-03-17","Burn","Forest","Oak",2.5,2,4,6,1.5,65.6361296402707,49.6884928474043,15.7999992370605,13.5099997520447,76.863940089941,89.8884992599487,71.5919990539551,69.1113219559193
"5","ML BURN G05","McLaughlin",2022,"March","2022-03-17","Burn","Grassland","Grass",1.25,1,4,67.5,0.25,127.156420911535,49.6884928474043,15.7999992370605,13.5099997520447,76.863940089941,89.8884992599487,71.5919990539551,69.1113219559193
"6","ML BURN G04","McLaughlin",2022,"March","2022-03-17","Burn","Grassland","Grass",0,0,3,16.5,0.25,128.771547182344,49.6884928474043,15.7999992370605,13.5099997520447,76.863940089941,89.8884992599487,71.5919990539551,69.1113219559193
"7","ML UNBURN O01","McLaughlin",2022,"March","2022-03-17","Unburn","Forest","Oak",2.5,2,0,2.75,1.75,854.626214756878,49.6884928474043,15.1999998092651,12.6349995136261,80.7826829254627,97.071252822876,77.5862741470337,67.6905218064785
"8","ML UNBURN G02","McLaughlin",2022,"March","2022-03-17","Unburn","Grassland","Grass",0,0,0,0.75,0,1026.83819103686,49.6884928474043,15.1999998092651,12.6349995136261,80.7826829254627,97.071252822876,77.5862741470337,67.6905218064785
"9","ML UNBURN G01","McLaughlin",2022,"March","2022-03-17","Unburn","Grassland","Grass",0,0,0,0.25,0.5,863.59456718732,49.6884928474043,15.1999998092651,12.6349995136261,80.7826829254627,97.071252822876,77.5862741470337,67.6905218064785
"10","ML UNBURN G04","McLaughlin",2022,"March","2022-03-17","Unburn","Grassland","Grass",0,0,0,1,0.25,777.838697158492,49.6884928474043,15.1999998092651,12.6349995136261,80.7826829254627,97.071252822876,77.5862741470337,67.6905218064785
"11","ML UNBURN O05","McLaughlin",2022,"March","2022-03-17","Unburn","Forest","Oak",0,0,0,0.25,0.5,755.657071933036,49.6884928474043,15.1999998092651,12.6349995136261,80.7826829254627,97.071252822876,77.5862741470337,67.6905218064785
"12","ML UNBURN O04","McLaughlin",2022,"March","2022-03-17","Unburn","Forest","Oak",0,0,0,1.5,2,816.242214605486,49.6884928474043,15.1999998092651,12.6349995136261,80.7826829254627,97.071252822876,77.5862741470337,67.6905218064785
"13","ML UNBURN G05","McLaughlin",2022,"March","2022-03-17","Unburn","Grassland","Grass",0,0,0,6,0.25,822.559063661006,49.6884928474043,15.1999998092651,12.6349995136261,80.7826829254627,97.071252822876,77.5862741470337,67.6905218064785
"14","ML UNBURN O03","McLaughlin",2022,"March","2022-03-17","Unburn","Forest","Oak",3.75,3,0,1.25,0.5,24.5373372289919,49.6884928474043,15.1999998092651,12.6349995136261,80.7826829254627,97.071252822876,77.5862741470337,67.6905218064785
"15","ML UNBURN G03","McLaughlin",2022,"March","2022-03-17","Unburn","Grassland","Grass",2.5,2,0,0.75,0.25,116.722551775387,49.6884928474043,15.1999998092651,12.6349995136261,80.7826829254627,97.071252822876,77.5862741470337,67.6905218064785
"16","ML UNBURN O02","McLaughlin",2022,"March","2022-03-17","Unburn","Forest","Oak",6.25,5,0,0.75,4,240.178245166175,49.6884928474043,15.1999998092651,12.6349995136261,80.7826829254627,97.071252822876,77.5862741470337,67.6905218064785
"17","ML BURN G01","McLaughlin",2022,"March","2022-03-17","Burn","Grassland","Grass",2.5,2,4,65,0.25,161.019236675091,49.6884928474043,15.1999998092651,12.6349995136261,80.7826829254627,97.071252822876,77.5862741470337,67.6905218064785
"18","ML BURN G02","McLaughlin",2022,"March","2022-03-17","Burn","Grassland","Grass",1.25,1,3,59.5,0.5,173.180352945686,49.6884928474043,15.1999998092651,12.6349995136261,80.7826829254627,97.071252822876,77.5862741470337,67.6905218064785
"19","ML BURN O01","McLaughlin",2022,"March","2022-03-17","Burn","Forest","Oak",0,0,4,74.5,4,148.145167815915,49.6884928474043,15.1999998092651,12.6349995136261,80.7826829254627,97.071252822876,77.5862741470337,67.6905218064785
"20","ML BURN O02","McLaughlin",2022,"March","2022-03-17","Burn","Forest","Oak",1.25,1,4,21,4.5,272.506879694542,49.6884928474043,15.1999998092651,12.6349995136261,80.7826829254627,97.071252822876,77.5862741470337,67.6905218064785
"21","QR BURN G05","Quail Ridge",2022,"March","2022-03-18","Burn","Grassland","Grass",0,0,3,74,0.5,632.977849256537,97.9720881793679,15.789999961853,11.3999996185303,57.5095992088318,61.1855001449585,52.3330984115601,59.0101990699768
"22","QR BURN O05","Quail Ridge",2022,"March","2022-03-18","Burn","Forest","Oak",1.25,1,2,53.5,2,370.016504157374,97.9720881793679,15.789999961853,11.3999996185303,57.5095992088318,61.1855001449585,52.3330984115601,59.0101990699768
"23","QR BURN C05","Quail Ridge",2022,"March","2022-03-18","Burn","Scrub","Chaparral ",0,0,4,60,7,347.833124306677,97.9720881793679,15.789999961853,11.3999996185303,57.5095992088318,61.1855001449585,52.3330984115601,59.0101990699768
"24","QR BURN O04","Quail Ridge",2022,"March","2022-03-18","Burn","Forest","Oak",0,0,2,50,8,158.019825268844,97.9720881793679,15.789999961853,11.3999996185303,57.5095992088318,61.1855001449585,52.3330984115601,59.0101990699768
"25","QR BURN C04","Quail Ridge",2022,"March","2022-03-18","Burn","Scrub","Chaparral ",0,0,4,67.5,9,218.26803324384,97.9720881793679,15.789999961853,11.3999996185303,57.5095992088318,61.1855001449585,52.3330984115601,59.0101990699768
"26","QR BURN G04","Quail Ridge",2022,"March","2022-03-18","Burn","Grassland","Grass",0,0,3,47.5,0.25,625.537288075743,97.9720881793679,15.789999961853,11.3999996185303,57.5095992088318,61.1855001449585,52.3330984115601,59.0101990699768
"27","QR BURN O03","Quail Ridge",2022,"March","2022-03-18","Burn","Forest","Oak",0,0,4,74.5,6.5,327.323516017221,97.9720881793679,15.789999961853,11.3999996185303,57.5095992088318,61.1855001449585,52.3330984115601,59.0101990699768
"28","QR BURN G03","Quail Ridge",2022,"March","2022-03-18","Burn","Grassland","Grass",0,0,4,92,0.25,340.616692366123,97.9720881793679,15.789999961853,11.3999996185303,57.5095992088318,61.1855001449585,52.3330984115601,59.0101990699768
"29","QR BURN C03","Quail Ridge",2022,"March","2022-03-18","Burn","Scrub","Chaparral ",0,0,4,95,1,361.709592304203,97.9720881793679,15.789999961853,11.3999996185303,57.5095992088318,61.1855001449585,52.3330984115601,59.0101990699768
"30","QR BURN O02","Quail Ridge",2022,"March","2022-03-18","Burn","Forest","Oak",0,0,4,71,4,509.987879937924,97.9720881793679,15.789999961853,11.3999996185303,57.5095992088318,61.1855001449585,52.3330984115601,59.0101990699768
"31","QR BURN C02","Quail Ridge",2022,"March","2022-03-18","Burn","Scrub","Chaparral ",1.25,1,4,79.5,6,511.410901750334,97.9720881793679,15.789999961853,11.3999996185303,57.5095992088318,61.1855001449585,52.3330984115601,59.0101990699768
"32","QR BURN G02","Quail Ridge",2022,"March","2022-03-18","Burn","Grassland","Grass",0,0,3,17.5,0.25,1072.00698147137,97.9720881793679,15.7399997711182,11.6399995684624,58.22483142217,60.4744992256165,54.4791731834412,59.7208218574524
"33","QR BURN G01","Quail Ridge",2022,"March","2022-03-18","Burn","Grassland","Grass",0,0,3,75,1.5,1489.37550606572,97.9720881793679,14.8399991989136,10.3699997663498,66.062132487384,71.2742509841919,61.0365734100342,65.8755730679259
"34","QR BURN C01","Quail Ridge",2022,"March","2022-03-18","Burn","Scrub","Chaparral ",0,0,4,67.5,1.5,1171.88828232043,97.9720881793679,15.5599994659424,11.0299997329712,61.6951918217043,65.712251663208,57.0484991073608,62.3248246945441
"35","QR BURN O01","Quail Ridge",2022,"March","2022-03-18","Burn","Forest","Oak",0,0,4,22.5,0.5,1141.52287131183,97.9720881793679,15.5599994659424,11.0299997329712,61.6951918217043,65.712251663208,57.0484991073608,62.3248246945441
"36","HT UNBURN C03","Hastings",2022,"March","2022-03-20","Unburn","Scrub","Chaparral ",16.25,13,0,12.75,6.5,166.338453151447,20.7319856023314,14.2999992370605,10.7599996328354,80.6955725153287,98.501748085022,78.3982722759247,65.1866971850395
"37","HT BURN C01","Hastings",2022,"March","2022-03-20","Burn","Scrub","Chaparral ",0,0,4,89.5,0.75,305.20257404522,20.7319856023314,14.2999992370605,10.7599996328354,80.6955725153287,98.501748085022,78.3982722759247,65.1866971850395
"38","HT BURN G04","Hastings",2022,"March","2022-03-20","Burn","Grassland","Grass",7.5,6,3,69,0.25,375.869456878912,20.7319856023314,14.2999992370605,10.7599996328354,80.6955725153287,98.501748085022,78.3982722759247,65.1866971850395
"39","HT BURN C02","Hastings",2022,"March","2022-03-20","Burn","Scrub","Chaparral ",12.5,10,4,72.5,2,494.41421824152,20.7319856023314,14.2999992370605,10.7599996328354,80.6955725153287,98.501748085022,78.3982722759247,65.1866971850395
"40","HT BURN G03","Hastings",2022,"March","2022-03-20","Burn","Grassland","Grass",0,0,3,71,0.25,602.848446276485,20.7319856023314,14.2999992370605,10.7599996328354,80.6955725153287,98.501748085022,78.3982722759247,65.1866971850395
"41","HT BURN G01","Hastings",2022,"March","2022-03-20","Burn","Grassland","Grass",0,0,2,60,0.25,657.967768316268,20.7319856023314,14.2999992370605,10.7599996328354,80.6955725153287,98.501748085022,78.3982722759247,65.1866971850395
"42","HT BURN G02","Hastings",2022,"March","2022-03-20","Burn","Grassland","Grass",1.25,1,4,50,0,674.605506987709,20.7319856023314,14.2999992370605,10.7599996328354,80.6955725153287,98.501748085022,78.3982722759247,65.1866971850395
"43","HT BURN O01","Hastings",2022,"March","2022-03-20","Burn","Forest","Oak",1.25,1,2,7,1.5,834.727521209082,20.7319856023314,14.2999992370605,10.7599996328354,80.6955725153287,98.501748085022,78.3982722759247,65.1866971850395
"44","HT BURN O02","Hastings",2022,"March","2022-03-20","Burn","Forest","Oak",2.5,2,3,21,0.75,742.59138242165,20.7319856023314,14.3699998855591,10.9799993038177,88.8644418120385,108.637254714966,80.6166214942932,77.3394492268562
"45","HT BURN O04","Hastings",2022,"March","2022-03-20","Burn","Forest","Oak",3.75,3,3,16,1.25,590.458713507411,20.7319856023314,14.2999992370605,10.7599996328354,80.6955725153287,98.501748085022,78.3982722759247,65.1866971850395
"46","HT BURN O03","Hastings",2022,"March","2022-03-20","Burn","Forest","Oak",0,0,3,37.5,0.75,658.22937489822,20.7319856023314,14.2999992370605,10.7599996328354,80.6955725153287,98.501748085022,78.3982722759247,65.1866971850395
"47","HT BURN O05","Hastings",2022,"March","2022-03-20","Burn","Forest","Oak",1.25,1,3,48.5,3.5,448.982127447655,20.7319856023314,14.2999992370605,10.7599996328354,80.6955725153287,98.501748085022,78.3982722759247,65.1866971850395
"48","HT BURN C03","Hastings",2022,"March","2022-03-20","Burn","Scrub","Chaparral ",8.75,7,2,81,3,322.496330115468,20.7319856023314,14.2999992370605,10.7599996328354,80.6955725153287,98.501748085022,78.3982722759247,65.1866971850395
"49","HT BURN G05","Hastings",2022,"March","2022-03-20","Burn","Grassland","Grass",0,0,3,74.5,0,121.351551812804,20.7319856023314,14.2999992370605,10.7599996328354,80.6955725153287,98.501748085022,78.3982722759247,65.1866971850395
"50","HT UNBURN G04","Hastings",2022,"March","2022-03-20","Unburn","Grassland","Grass",8.75,7,0,2.25,0,420.420006233058,20.7319856023314,14.2999992370605,10.7599996328354,80.6955725153287,98.501748085022,78.3982722759247,65.1866971850395
"51","HT UNBURN G03","Hastings",2022,"March","2022-03-20","Unburn","Grassland","Grass",5,4,0,0.5,0,525.533220316433,20.7319856023314,14.2999992370605,10.7599996328354,80.6955725153287,98.501748085022,78.3982722759247,65.1866971850395
"52","HT UNBURN G05","Hastings",2022,"March","2022-03-21","Unburn","Grassland","Grass",0,0,0,0.5,0.25,286.887932886832,20.7319856023314,14.2999992370605,10.7599996328354,80.6955725153287,98.501748085022,78.3982722759247,65.1866971850395
"53","HT UNBURN C05","Hastings",2022,"March","2022-03-21","Unburn","Scrub","Chaparral ",5,4,0,17.5,11.5,113.861759448173,20.7319856023314,14.2999992370605,10.7599996328354,80.6955725153287,98.501748085022,78.3982722759247,65.1866971850395
"54","HT BURN C04","Hastings",2022,"March","2022-03-21","Burn","Scrub","Chaparral ",1.25,1,4,85.5,2,57.7600159619445,20.7319856023314,14.2999992370605,10.7599996328354,80.6955725153287,98.501748085022,78.3982722759247,65.1866971850395
"55","HT BURN C05","Hastings",2022,"March","2022-03-21","Burn","Scrub","Chaparral ",0,0,4,83.5,0.5,38.4217730201659,20.7319856023314,14.2999992370605,10.7599996328354,80.6955725153287,98.501748085022,78.3982722759247,65.1866971850395
"56","HT UNBURN O05","Hastings",2022,"March","2022-03-21","Unburn","Forest","Oak",1.25,1,0,3,1.25,180.597674544657,20.7319856023314,14.2999992370605,10.7599996328354,80.6955725153287,98.501748085022,78.3982722759247,65.1866971850395
"57","HT UNBURN G02","Hastings",2022,"March","2022-03-21","Unburn","Grassland","Grass",0,0,0,8.5,0.25,269.159150150736,20.7319856023314,14.2999992370605,10.7599996328354,80.6955725153287,98.501748085022,78.3982722759247,65.1866971850395
"58","HT UNBURN G01","Hastings",2022,"March","2022-03-21","Unburn","Grassland","Grass",0,0,0,19.5,2.75,252.490029471389,20.7319856023314,14.2999992370605,10.7599996328354,80.6955725153287,98.501748085022,78.3982722759247,65.1866971850395
"59","HT UNBURN C04","Hastings",2022,"March","2022-03-21","Unburn","Scrub","Chaparral ",17.5,14,0,21.5,11.5,158.987011274677,20.7319856023314,14.2999992370605,10.7599996328354,80.6955725153287,98.501748085022,78.3982722759247,65.1866971850395
"60","HT UNBURN C01","Hastings",2022,"March","2022-03-21","Unburn","Scrub","Chaparral ",0,0,0,10,12,196.369506451617,20.7319856023314,14.2999992370605,10.7599996328354,80.6955725153287,98.501748085022,78.3982722759247,65.1866971850395
"61","HT UNBURN C02","Hastings",2022,"March","2022-03-21","Unburn","Scrub","Chaparral ",2.5,2,0,29,17.5,106.704949763374,20.7319856023314,14.2999992370605,10.7599996328354,80.6955725153287,98.501748085022,78.3982722759247,65.1866971850395
"62","HT UNBURN O04","Hastings",2022,"March","2022-03-21","Unburn","Forest","Oak",3.75,3,0,8,15.5,40.6181592435129,20.7319856023314,14.2999992370605,10.7599996328354,80.6955725153287,98.501748085022,78.3982722759247,65.1866971850395
"63","HT UNBURN O03","Hastings",2022,"March","2022-03-21","Unburn","Forest","Oak",3.75,3,0,4,0.75,154.419852112115,20.7319856023314,14.2999992370605,10.7599996328354,80.6955725153287,98.501748085022,78.3982722759247,65.1866971850395
"64","HT UNBURN O02","Hastings",2022,"March","2022-03-21","Unburn","Forest","Oak",3.75,3,0,5.5,2.25,429.623724493776,20.7319856023314,14.2999992370605,10.7599996328354,80.6955725153287,98.501748085022,78.3982722759247,65.1866971850395
"65","HT UNBURN O01","Hastings",2022,"March","2022-03-21","Unburn","Forest","Oak",1.25,1,0,0.75,3.5,573.081074579419,20.7319856023314,14.2999992370605,10.7599996328354,80.6955725153287,98.501748085022,78.3982722759247,65.1866971850395
"66","BC BURN S01","Big Creek",2022,"March","2022-03-22","Burn","Scrub","Scrub",1.25,1,4,59.5,8.5,324.5486560943,91.4859784694625,14.7799997329712,8.99499988555908,131.143170724313,151.195495605469,107.920299053192,134.313717514277
"67","BC BURN R03","Big Creek",2022,"March","2022-03-22","Burn","Forest","Redwood",0,0,4,6.5,9.5,374.530449047376,91.4859784694625,14.7799997329712,8.99499988555908,131.143170724313,151.195495605469,107.920299053192,134.313717514277
"68","BC BURN S02","Big Creek",2022,"March","2022-03-22","Burn","Scrub","Scrub",0,0,4,62,4,325.808927344623,91.4859784694625,14.7799997329712,8.99499988555908,131.143170724313,151.195495605469,107.920299053192,134.313717514277
"69","BC BURN R01","Big Creek",2022,"March","2022-03-22","Burn","Forest","Redwood",0,0,4,7,9.5,381.867034325163,91.4859784694625,13.6999998092651,5.87994980812073,101.835432146986,113.854251861572,90.8974978923798,100.754546687007
"70","BC BURN R02","Big Creek",2022,"March","2022-03-22","Burn","Forest","Redwood",0,0,4,13.5,22.5,394.2826271492,91.4859784694625,13.6999998092651,5.87994980812073,101.835432146986,113.854251861572,90.8974978923798,100.754546687007
"71","BC UNBURN S02","Big Creek",2022,"March","2022-03-22","Unburn","Scrub","Scrub",0,0,0,11,14.5,128.384501485818,91.4859784694625,13.6999998092651,5.87994980812073,101.835432146986,113.854251861572,90.8974978923798,100.754546687007
"72","BC UNBURN S03","Big Creek",2022,"March","2022-03-22","Unburn","Scrub","Scrub",0,0,0,15,17,93.0713370438861,91.4859784694625,13.6999998092651,5.87994980812073,101.835432146986,113.854251861572,90.8974978923798,100.754546687007
"73","BC UNBURN S01","Big Creek",2022,"March","2022-03-22","Unburn","Scrub","Scrub",0,0,0,19.5,10,103.12369314089,91.4859784694625,13.6999998092651,5.87994980812073,101.835432146986,113.854251861572,90.8974978923798,100.754546687007
"74","BC UNBURN R02","Big Creek",2022,"March","2022-03-22","Unburn","Forest","Redwood",16.25,13,0,0.5,8.5,35.4061629092449,91.4859784694625,13.6999998092651,5.87994980812073,101.835432146986,113.854251861572,90.8974978923798,100.754546687007
"75","BC BURN S03","Big Creek",2022,"March","2022-03-22","Burn","Scrub","Scrub",0,0,4,50.5,7.5,264.398115262618,91.4859784694625,13.6999998092651,5.87994980812073,101.835432146986,113.854251861572,90.8974978923798,100.754546687007
"76","BC BURN S04","Big Creek",2022,"March","2022-03-22","Burn","Scrub","Scrub",0,0,4,53.5,13,245.216639683291,91.4859784694625,13.6999998092651,5.87994980812073,101.835432146986,113.854251861572,90.8974978923798,100.754546687007
"77","BC BURN S05","Big Creek",2022,"March","2022-03-22","Burn","Scrub","Scrub",5,4,4,22.5,3.5,371.665312802137,91.4859784694625,13.6999998092651,5.87994980812073,101.835432146986,113.854251861572,90.8974978923798,100.754546687007
"78","BC BURN R04","Big Creek",2022,"March","2022-03-22","Burn","Forest","Redwood",0,0,3,3,7.5,193.717458689993,91.4859784694625,13.6999998092651,5.87994980812073,101.835432146986,113.854251861572,90.8974978923798,100.754546687007
"79","BC BURN R05","Big Creek",2022,"March","2022-03-22","Burn","Forest","Redwood",0,0,3,0,5,199.722072721807,91.4859784694625,13.6999998092651,5.87994980812073,101.835432146986,113.854251861572,90.8974978923798,100.754546687007
"80","BC UNBURN S04","Big Creek",2022,"March","2022-03-22","Unburn","Scrub","Scrub",0,0,0,4.25,27.5,156.626734196294,91.4859784694625,13.6999998092651,5.87994980812073,101.835432146986,113.854251861572,90.8974978923798,100.754546687007
"81","BC UNBURN S05","Big Creek",2022,"March","2022-03-22","Unburn","Scrub","Scrub",1.25,1,0,3.25,27.5,154.818842397298,91.4859784694625,13.6999998092651,5.87994980812073,101.835432146986,113.854251861572,90.8974978923798,100.754546687007
"82","BC BURN G01","Big Creek",2022,"March","2022-03-22","Burn","Grassland","Grass",0,0,3,68,0.25,305.576688471498,91.4859784694625,13.6999998092651,5.87994980812073,101.835432146986,113.854251861572,90.8974978923798,100.754546687007
"83","BC BURN G02","Big Creek",2022,"March","2022-03-22","Burn","Grassland","Grass",1.25,1,3,68.5,0.25,381.895665507493,91.4859784694625,13.6999998092651,5.87994980812073,101.835432146986,113.854251861572,90.8974978923798,100.754546687007
"84","BC BURN G03","Big Creek",2022,"March","2022-03-22","Burn","Grassland","Grass",0,0,3,67.5,0.75,499.67340727835,91.4859784694625,13.6999998092651,5.87994980812073,101.835432146986,113.854251861572,90.8974978923798,100.754546687007
"85","BC BURN G04","Big Creek",2022,"March","2022-03-22","Burn","Grassland","Grass",1.25,1,3,25,0.25,529.490005555815,91.4859784694625,13.6999998092651,5.87994980812073,101.835432146986,113.854251861572,90.8974978923798,100.754546687007
"86","BC BURN G05","Big Creek",2022,"March","2022-03-22","Burn","Grassland","Grass",0,0,2,52.5,0.25,608.321794933626,91.4859784694625,13.6999998092651,5.87994980812073,101.835432146986,113.854251861572,90.8974978923798,100.754546687007
"87","BC UNBURN R01","Big Creek",2022,"March","2022-03-22","Unburn","Forest","Redwood",2.5,2,0,1.25,7.5,21.7017321412449,91.4859784694625,14.7799997329712,8.99499988555908,131.143170724313,151.195495605469,107.920299053192,134.313717514277
"88","BC UNBURN R03","Big Creek",2022,"March","2022-03-22","Unburn","Forest","Redwood",0,0,0,16,12.5,4.38162797016159,91.4859784694625,14.7799997329712,8.99499988555908,131.143170724313,151.195495605469,107.920299053192,134.313717514277
"89","ML BURN O05","McLaughlin",2022,"April","2022-04-07","Burn","Forest","Oak",3.75,3,4,30,2,84.3371729188371,49.6884928474043,15.7999992370605,13.5099997520447,76.863940089941,89.8884992599487,71.5919990539551,69.1113219559193
"90","ML BURN O04","McLaughlin",2022,"April","2022-04-07","Burn","Forest","Oak",2.5,2,4,6,1.5,65.6361296402707,49.6884928474043,15.7999992370605,13.5099997520447,76.863940089941,89.8884992599487,71.5919990539551,69.1113219559193
"91","ML BURN G05","McLaughlin",2022,"April","2022-04-07","Burn","Grassland","Grass",0,0,4,67.5,0.25,127.156420911535,49.6884928474043,15.7999992370605,13.5099997520447,76.863940089941,89.8884992599487,71.5919990539551,69.1113219559193
"92","ML BURN O03","McLaughlin",2022,"April","2022-04-07","Burn","Forest","Oak",1.25,1,4,9.5,1.25,946.595377634637,49.6884928474043,16,14.004999756813,71.1702401638031,82.0502500534058,66.8683729171753,64.5920975208282
"93","ML BURN G03","McLaughlin",2022,"April","2022-04-07","Burn","Grassland","Grass",0,0,2,79,0.5,890.900266047144,49.6884928474043,16,14.004999756813,71.1702401638031,82.0502500534058,66.8683729171753,64.5920975208282
"94","ML BURN G04","McLaughlin",2022,"April","2022-04-07","Burn","Grassland","Grass",0,0,3,16.5,0.25,128.771547182344,49.6884928474043,15.7999992370605,13.5099997520447,76.863940089941,89.8884992599487,71.5919990539551,69.1113219559193
"95","ML UNBURN O01","McLaughlin",2022,"April","2022-04-07","Unburn","Forest","Oak",1.25,1,0,2.75,1.75,854.626214756878,49.6884928474043,15.1999998092651,12.6349995136261,80.7826829254627,97.071252822876,77.5862741470337,67.6905218064785
"96","ML UNBURN G02","McLaughlin",2022,"April","2022-04-07","Unburn","Grassland","Grass",0,0,0,0.75,0,1026.83819103686,49.6884928474043,15.1999998092651,12.6349995136261,80.7826829254627,97.071252822876,77.5862741470337,67.6905218064785
"97","ML UNBURN G01","McLaughlin",2022,"April","2022-04-07","Unburn","Grassland","Grass",0,0,0,0.25,0.5,863.59456718732,49.6884928474043,15.1999998092651,12.6349995136261,80.7826829254627,97.071252822876,77.5862741470337,67.6905218064785
"98","ML UNBURN G04","McLaughlin",2022,"April","2022-04-07","Unburn","Grassland","Grass",0,0,0,1,0.25,777.838697158492,49.6884928474043,15.1999998092651,12.6349995136261,80.7826829254627,97.071252822876,77.5862741470337,67.6905218064785
"99","ML UNBURN G05","McLaughlin",2022,"April","2022-04-07","Unburn","Grassland","Grass",0,0,0,6,0.25,822.559063661006,49.6884928474043,15.1999998092651,12.6349995136261,80.7826829254627,97.071252822876,77.5862741470337,67.6905218064785
"100","ML UNBURN O05","McLaughlin",2022,"April","2022-04-07","Unburn","Forest","Oak",0,0,0,0.25,0.5,755.657071933036,49.6884928474043,15.1999998092651,12.6349995136261,80.7826829254627,97.071252822876,77.5862741470337,67.6905218064785
"101","ML UNBURN O04","McLaughlin",2022,"April","2022-04-07","Unburn","Forest","Oak",0,0,0,1.5,2,816.242214605486,49.6884928474043,15.1999998092651,12.6349995136261,80.7826829254627,97.071252822876,77.5862741470337,67.6905218064785
"102","ML UNBURN O03","McLaughlin",2022,"April","2022-04-07","Unburn","Forest","Oak",6.25,5,0,1.25,0.5,24.5373372289919,49.6884928474043,15.1999998092651,12.6349995136261,80.7826829254627,97.071252822876,77.5862741470337,67.6905218064785
"103","ML UNBURN G03","McLaughlin",2022,"April","2022-04-07","Unburn","Grassland","Grass",2.5,2,0,0.75,0.25,116.722551775387,49.6884928474043,15.1999998092651,12.6349995136261,80.7826829254627,97.071252822876,77.5862741470337,67.6905218064785
"104","ML UNBURN O02","McLaughlin",2022,"April","2022-04-07","Unburn","Forest","Oak",1.25,1,0,0.75,4,240.178245166175,49.6884928474043,15.1999998092651,12.6349995136261,80.7826829254627,97.071252822876,77.5862741470337,67.6905218064785
"105","ML BURN G01","McLaughlin",2022,"April","2022-04-07","Burn","Grassland","Grass",1.25,1,4,65,0.25,161.019236675091,49.6884928474043,15.1999998092651,12.6349995136261,80.7826829254627,97.071252822876,77.5862741470337,67.6905218064785
"106","ML BURN G02","McLaughlin",2022,"April","2022-04-07","Burn","Grassland","Grass",0,0,3,59.5,0.5,173.180352945686,49.6884928474043,15.1999998092651,12.6349995136261,80.7826829254627,97.071252822876,77.5862741470337,67.6905218064785
"107","ML BURN O01","McLaughlin",2022,"April","2022-04-07","Burn","Forest","Oak",0,0,4,74.5,4,148.145167815915,49.6884928474043,15.1999998092651,12.6349995136261,80.7826829254627,97.071252822876,77.5862741470337,67.6905218064785
"108","ML BURN O02","McLaughlin",2022,"April","2022-04-07","Burn","Forest","Oak",0,0,4,21,4.5,272.506879694542,49.6884928474043,15.1999998092651,12.6349995136261,80.7826829254627,97.071252822876,77.5862741470337,67.6905218064785
"109","QR BURN G05","Quail Ridge",2022,"April","2022-04-08","Burn","Grassland","Grass",0,0,3,74,0.5,632.977849256537,97.9720881793679,15.789999961853,11.3999996185303,57.5095992088318,61.1855001449585,52.3330984115601,59.0101990699768
"110","QR BURN O05","Quail Ridge",2022,"April","2022-04-08","Burn","Forest","Oak",0,0,2,53.5,2,370.016504157374,97.9720881793679,15.789999961853,11.3999996185303,57.5095992088318,61.1855001449585,52.3330984115601,59.0101990699768
"111","QR BURN C05","Quail Ridge",2022,"April","2022-04-08","Burn","Scrub","Chaparral ",0,0,4,60,7,347.833124306677,97.9720881793679,15.789999961853,11.3999996185303,57.5095992088318,61.1855001449585,52.3330984115601,59.0101990699768
"112","QR BURN O04","Quail Ridge",2022,"April","2022-04-08","Burn","Forest","Oak",0,0,2,50,8,158.019825268844,97.9720881793679,15.789999961853,11.3999996185303,57.5095992088318,61.1855001449585,52.3330984115601,59.0101990699768
"113","QR BURN C04","Quail Ridge",2022,"April","2022-04-08","Burn","Scrub","Chaparral ",0,0,4,67.5,9,218.26803324384,97.9720881793679,15.789999961853,11.3999996185303,57.5095992088318,61.1855001449585,52.3330984115601,59.0101990699768
"114","QR BURN G04","Quail Ridge",2022,"April","2022-04-08","Burn","Grassland","Grass",0,0,3,47.5,0.25,625.537288075743,97.9720881793679,15.789999961853,11.3999996185303,57.5095992088318,61.1855001449585,52.3330984115601,59.0101990699768
"115","QR BURN O03","Quail Ridge",2022,"April","2022-04-08","Burn","Forest","Oak",0,0,4,74.5,6.5,327.323516017221,97.9720881793679,15.789999961853,11.3999996185303,57.5095992088318,61.1855001449585,52.3330984115601,59.0101990699768
"116","QR BURN G03","Quail Ridge",2022,"April","2022-04-08","Burn","Grassland","Grass",0,0,4,92,0.25,340.616692366123,97.9720881793679,15.789999961853,11.3999996185303,57.5095992088318,61.1855001449585,52.3330984115601,59.0101990699768
"117","QR BURN C03","Quail Ridge",2022,"April","2022-04-08","Burn","Scrub","Chaparral ",0,0,4,95,1,361.709592304203,97.9720881793679,15.789999961853,11.3999996185303,57.5095992088318,61.1855001449585,52.3330984115601,59.0101990699768
"118","QR BURN O02","Quail Ridge",2022,"April","2022-04-08","Burn","Forest","Oak",0,0,4,71,4,509.987879937924,97.9720881793679,15.789999961853,11.3999996185303,57.5095992088318,61.1855001449585,52.3330984115601,59.0101990699768
"119","QR BURN C02","Quail Ridge",2022,"April","2022-04-08","Burn","Scrub","Chaparral ",0,0,4,79.5,6,511.410901750334,97.9720881793679,15.789999961853,11.3999996185303,57.5095992088318,61.1855001449585,52.3330984115601,59.0101990699768
"120","QR BURN G02","Quail Ridge",2022,"April","2022-04-08","Burn","Grassland","Grass",0,0,3,17.5,0.25,1072.00698147137,97.9720881793679,15.7399997711182,11.6399995684624,58.22483142217,60.4744992256165,54.4791731834412,59.7208218574524
"121","QR BURN O01","Quail Ridge",2022,"April","2022-04-08","Burn","Forest","Oak",0,0,4,22.5,0.5,1141.52287131183,97.9720881793679,15.5599994659424,11.0299997329712,61.6951918217043,65.712251663208,57.0484991073608,62.3248246945441
"122","QR BURN C01","Quail Ridge",2022,"April","2022-04-08","Burn","Scrub","Chaparral ",0,0,4,67.5,1.5,1171.88828232043,97.9720881793679,15.5599994659424,11.0299997329712,61.6951918217043,65.712251663208,57.0484991073608,62.3248246945441
"123","QR BURN G01","Quail Ridge",2022,"April","2022-04-08","Burn","Grassland","Grass",0,0,3,75,1.5,1489.37550606572,97.9720881793679,14.8399991989136,10.3699997663498,66.062132487384,71.2742509841919,61.0365734100342,65.8755730679259
"124","HT BURN G04","Hastings",2022,"April","2022-04-09","Burn","Grassland","Grass",0,0,3,69,0.25,375.869456878912,20.7319856023314,14.2999992370605,10.7599996328354,80.6955725153287,98.501748085022,78.3982722759247,65.1866971850395
"125","HT BURN G02","Hastings",2022,"April","2022-04-09","Burn","Grassland","Grass",3.75,3,4,50,0,674.605506987709,20.7319856023314,14.2999992370605,10.7599996328354,80.6955725153287,98.501748085022,78.3982722759247,65.1866971850395
"126","HT BURN G01","Hastings",2022,"April","2022-04-09","Burn","Grassland","Grass",3.75,3,2,60,0.25,657.967768316268,20.7319856023314,14.2999992370605,10.7599996328354,80.6955725153287,98.501748085022,78.3982722759247,65.1866971850395
"127","HT BURN O01","Hastings",2022,"April","2022-04-09","Burn","Forest","Oak",5,4,2,7,1.5,834.727521209082,20.7319856023314,14.2999992370605,10.7599996328354,80.6955725153287,98.501748085022,78.3982722759247,65.1866971850395
"128","HT BURN O02","Hastings",2022,"April","2022-04-09","Burn","Forest","Oak",1.25,1,3,21,0.75,742.59138242165,20.7319856023314,14.3699998855591,10.9799993038177,88.8644418120385,108.637254714966,80.6166214942932,77.3394492268562
"129","HT BURN O04","Hastings",2022,"April","2022-04-09","Burn","Forest","Oak",3.75,3,3,16,1.25,590.458713507411,20.7319856023314,14.2999992370605,10.7599996328354,80.6955725153287,98.501748085022,78.3982722759247,65.1866971850395
"130","HT BURN O03","Hastings",2022,"April","2022-04-09","Burn","Forest","Oak",0,0,3,37.5,0.75,658.22937489822,20.7319856023314,14.2999992370605,10.7599996328354,80.6955725153287,98.501748085022,78.3982722759247,65.1866971850395
"131","HT BURN G03","Hastings",2022,"April","2022-04-09","Burn","Grassland","Grass",0,0,3,71,0.25,602.848446276485,20.7319856023314,14.2999992370605,10.7599996328354,80.6955725153287,98.501748085022,78.3982722759247,65.1866971850395
"132","HT BURN C02","Hastings",2022,"April","2022-04-09","Burn","Scrub","Chaparral ",0,0,4,72.5,2,494.41421824152,20.7319856023314,14.2999992370605,10.7599996328354,80.6955725153287,98.501748085022,78.3982722759247,65.1866971850395
"133","HT BURN O05","Hastings",2022,"April","2022-04-09","Burn","Forest","Oak",1.25,1,3,48.5,3.5,448.982127447655,20.7319856023314,14.2999992370605,10.7599996328354,80.6955725153287,98.501748085022,78.3982722759247,65.1866971850395
"134","HT BURN C01","Hastings",2022,"April","2022-04-09","Burn","Scrub","Chaparral ",0,0,4,89.5,0.75,305.20257404522,20.7319856023314,14.2999992370605,10.7599996328354,80.6955725153287,98.501748085022,78.3982722759247,65.1866971850395
"135","HT BURN C03","Hastings",2022,"April","2022-04-09","Burn","Scrub","Chaparral ",0,0,2,81,3,322.496330115468,20.7319856023314,14.2999992370605,10.7599996328354,80.6955725153287,98.501748085022,78.3982722759247,65.1866971850395
"136","HT UNBURN C03","Hastings",2022,"April","2022-04-09","Unburn","Scrub","Chaparral ",8.75,7,0,12.75,6.5,166.338453151447,20.7319856023314,14.2999992370605,10.7599996328354,80.6955725153287,98.501748085022,78.3982722759247,65.1866971850395
"137","HT BURN G05","Hastings",2022,"April","2022-04-09","Burn","Grassland","Grass",0,0,3,74.5,0,121.351551812804,20.7319856023314,14.2999992370605,10.7599996328354,80.6955725153287,98.501748085022,78.3982722759247,65.1866971850395
"138","HT UNBURN O03","Hastings",2022,"April","2022-04-09","Unburn","Forest","Oak",11.25,9,0,4,0.75,154.419852112115,20.7319856023314,14.2999992370605,10.7599996328354,80.6955725153287,98.501748085022,78.3982722759247,65.1866971850395
"139","HT UNBURN O02","Hastings",2022,"April","2022-04-09","Unburn","Forest","Oak",6.25,5,0,5.5,2.25,429.623724493776,20.7319856023314,14.2999992370605,10.7599996328354,80.6955725153287,98.501748085022,78.3982722759247,65.1866971850395
"140","HT UNBURN O01","Hastings",2022,"April","2022-04-09","Unburn","Forest","Oak",7.5,6,0,0.75,3.5,573.081074579419,20.7319856023314,14.2999992370605,10.7599996328354,80.6955725153287,98.501748085022,78.3982722759247,65.1866971850395
"141","HT UNBURN G04","Hastings",2022,"April","2022-04-09","Unburn","Grassland","Grass",1.25,1,0,2.25,0,420.420006233058,20.7319856023314,14.2999992370605,10.7599996328354,80.6955725153287,98.501748085022,78.3982722759247,65.1866971850395
"142","HT UNBURN G03","Hastings",2022,"April","2022-04-09","Unburn","Grassland","Grass",1.25,1,0,0.5,0,525.533220316433,20.7319856023314,14.2999992370605,10.7599996328354,80.6955725153287,98.501748085022,78.3982722759247,65.1866971850395
"143","HT UNBURN G05","Hastings",2022,"April","2022-04-10","Unburn","Grassland","Grass",0,0,0,0.5,0.25,286.887932886832,20.7319856023314,14.2999992370605,10.7599996328354,80.6955725153287,98.501748085022,78.3982722759247,65.1866971850395
"144","HT UNBURN C05","Hastings",2022,"April","2022-04-10","Unburn","Scrub","Chaparral ",2.5,2,0,17.5,11.5,113.861759448173,20.7319856023314,14.2999992370605,10.7599996328354,80.6955725153287,98.501748085022,78.3982722759247,65.1866971850395
"145","HT BURN C04","Hastings",2022,"April","2022-04-10","Burn","Scrub","Chaparral ",0,0,4,85.5,2,57.7600159619445,20.7319856023314,14.2999992370605,10.7599996328354,80.6955725153287,98.501748085022,78.3982722759247,65.1866971850395
"146","HT BURN C05","Hastings",2022,"April","2022-04-10","Burn","Scrub","Chaparral ",0,0,4,83.5,0.5,38.4217730201659,20.7319856023314,14.2999992370605,10.7599996328354,80.6955725153287,98.501748085022,78.3982722759247,65.1866971850395
"147","HT UNBURN O05","Hastings",2022,"April","2022-04-10","Unburn","Forest","Oak",1.25,1,0,3,1.25,180.597674544657,20.7319856023314,14.2999992370605,10.7599996328354,80.6955725153287,98.501748085022,78.3982722759247,65.1866971850395
"148","HT UNBURN G02","Hastings",2022,"April","2022-04-10","Unburn","Grassland","Grass",0,0,0,8.5,0.25,269.159150150736,20.7319856023314,14.2999992370605,10.7599996328354,80.6955725153287,98.501748085022,78.3982722759247,65.1866971850395
"149","HT UNBURN G01","Hastings",2022,"April","2022-04-10","Unburn","Grassland","Grass",0,0,0,19.5,2.75,252.490029471389,20.7319856023314,14.2999992370605,10.7599996328354,80.6955725153287,98.501748085022,78.3982722759247,65.1866971850395
"150","HT UNBURN C04","Hastings",2022,"April","2022-04-10","Unburn","Scrub","Chaparral ",21.25,17,0,21.5,11.5,158.987011274677,20.7319856023314,14.2999992370605,10.7599996328354,80.6955725153287,98.501748085022,78.3982722759247,65.1866971850395
"151","HT UNBURN C01","Hastings",2022,"April","2022-04-10","Unburn","Scrub","Chaparral ",1.25,1,0,10,12,196.369506451617,20.7319856023314,14.2999992370605,10.7599996328354,80.6955725153287,98.501748085022,78.3982722759247,65.1866971850395
"152","HT UNBURN C02","Hastings",2022,"April","2022-04-10","Unburn","Scrub","Chaparral ",27.5,22,0,29,17.5,106.704949763374,20.7319856023314,14.2999992370605,10.7599996328354,80.6955725153287,98.501748085022,78.3982722759247,65.1866971850395
"153","HT UNBURN O04","Hastings",2022,"April","2022-04-10","Unburn","Forest","Oak",30,24,0,8,15.5,40.6181592435129,20.7319856023314,14.2999992370605,10.7599996328354,80.6955725153287,98.501748085022,78.3982722759247,65.1866971850395
"154","BC BURN G05","Big Creek",2022,"April","2022-04-11","Burn","Grassland","Grass",0,0,2,52.5,0.25,608.321794933626,91.4859784694625,13.6999998092651,5.87994980812073,101.835432146986,113.854251861572,90.8974978923798,100.754546687007
"155","BC BURN G04","Big Creek",2022,"April","2022-04-11","Burn","Grassland","Grass",1.25,1,3,25,0.25,529.490005555815,91.4859784694625,13.6999998092651,5.87994980812073,101.835432146986,113.854251861572,90.8974978923798,100.754546687007
"156","BC BURN G03","Big Creek",2022,"April","2022-04-11","Burn","Grassland","Grass",0,0,3,67.5,0.75,499.67340727835,91.4859784694625,13.6999998092651,5.87994980812073,101.835432146986,113.854251861572,90.8974978923798,100.754546687007
"157","BC BURN G02","Big Creek",2022,"April","2022-04-11","Burn","Grassland","Grass",0,0,3,68.5,0.25,381.895665507493,91.4859784694625,13.6999998092651,5.87994980812073,101.835432146986,113.854251861572,90.8974978923798,100.754546687007
"158","BC BURN G01","Big Creek",2022,"April","2022-04-11","Burn","Grassland","Grass",0,0,3,68,0.25,305.576688471498,91.4859784694625,13.6999998092651,5.87994980812073,101.835432146986,113.854251861572,90.8974978923798,100.754546687007
"159","BC UNBURN S05","Big Creek",2022,"April","2022-04-11","Unburn","Scrub","Scrub",0,0,0,3.25,27.5,154.818842397298,91.4859784694625,13.6999998092651,5.87994980812073,101.835432146986,113.854251861572,90.8974978923798,100.754546687007
"160","BC UNBURN S04","Big Creek",2022,"April","2022-04-11","Unburn","Scrub","Scrub",0,0,0,4.25,27.5,156.626734196294,91.4859784694625,13.6999998092651,5.87994980812073,101.835432146986,113.854251861572,90.8974978923798,100.754546687007
"161","BC BURN R05","Big Creek",2022,"April","2022-04-11","Burn","Forest","Redwood",0,0,3,0,5,199.722072721807,91.4859784694625,13.6999998092651,5.87994980812073,101.835432146986,113.854251861572,90.8974978923798,100.754546687007
"162","BC BURN R04","Big Creek",2022,"April","2022-04-11","Burn","Forest","Redwood",0,0,3,3,7.5,193.717458689993,91.4859784694625,13.6999998092651,5.87994980812073,101.835432146986,113.854251861572,90.8974978923798,100.754546687007
"163","BC BURN S05","Big Creek",2022,"April","2022-04-11","Burn","Scrub","Scrub",0,0,4,22.5,3.5,371.665312802137,91.4859784694625,13.6999998092651,5.87994980812073,101.835432146986,113.854251861572,90.8974978923798,100.754546687007
"164","BC BURN S04","Big Creek",2022,"April","2022-04-11","Burn","Scrub","Scrub",0,0,4,53.5,13,245.216639683291,91.4859784694625,13.6999998092651,5.87994980812073,101.835432146986,113.854251861572,90.8974978923798,100.754546687007
"165","BC BURN S03","Big Creek",2022,"April","2022-04-11","Burn","Scrub","Scrub",3.75,3,4,50.5,7.5,264.398115262618,91.4859784694625,13.6999998092651,5.87994980812073,101.835432146986,113.854251861572,90.8974978923798,100.754546687007
"166","BC BURN R03","Big Creek",2022,"April","2022-04-11","Burn","Forest","Redwood",1.25,1,4,6.5,9.5,374.530449047376,91.4859784694625,14.7799997329712,8.99499988555908,131.143170724313,151.195495605469,107.920299053192,134.313717514277
"167","BC UNBURN R01","Big Creek",2022,"April","2022-04-11","Unburn","Forest","Redwood",2.5,2,0,1.25,7.5,21.7017321412449,91.4859784694625,14.7799997329712,8.99499988555908,131.143170724313,151.195495605469,107.920299053192,134.313717514277
"168","BC BURN S01","Big Creek",2022,"April","2022-04-11","Burn","Scrub","Scrub",0,0,4,59.5,8.5,324.5486560943,91.4859784694625,14.7799997329712,8.99499988555908,131.143170724313,151.195495605469,107.920299053192,134.313717514277
"169","BC BURN R03","Big Creek",2022,"April","2022-04-11","Burn","Forest","Redwood",0,0,4,6.5,9.5,374.530449047376,91.4859784694625,14.7799997329712,8.99499988555908,131.143170724313,151.195495605469,107.920299053192,134.313717514277
"170","BC BURN S02","Big Creek",2022,"April","2022-04-11","Burn","Scrub","Scrub",0,0,4,62,4,325.808927344623,91.4859784694625,14.7799997329712,8.99499988555908,131.143170724313,151.195495605469,107.920299053192,134.313717514277
"171","BC BURN R01","Big Creek",2022,"April","2022-04-11","Burn","Forest","Redwood",0,0,4,7,9.5,381.867034325163,91.4859784694625,13.6999998092651,5.87994980812073,101.835432146986,113.854251861572,90.8974978923798,100.754546687007
"172","BC BURN R02","Big Creek",2022,"April","2022-04-11","Burn","Forest","Redwood",0,0,4,13.5,22.5,394.2826271492,91.4859784694625,13.6999998092651,5.87994980812073,101.835432146986,113.854251861572,90.8974978923798,100.754546687007
"173","BC UNBURN R02","Big Creek",2022,"April","2022-04-11","Unburn","Forest","Redwood",2.5,2,0,0.5,8.5,35.4061629092449,91.4859784694625,13.6999998092651,5.87994980812073,101.835432146986,113.854251861572,90.8974978923798,100.754546687007
"174","BC UNBURN S03","Big Creek",2022,"April","2022-04-11","Unburn","Scrub","Scrub",0,0,0,15,17,93.0713370438861,91.4859784694625,13.6999998092651,5.87994980812073,101.835432146986,113.854251861572,90.8974978923798,100.754546687007
"175","BC UNBURN S01","Big Creek",2022,"April","2022-04-11","Unburn","Scrub","Scrub",0,0,0,19.5,10,103.12369314089,91.4859784694625,13.6999998092651,5.87994980812073,101.835432146986,113.854251861572,90.8974978923798,100.754546687007
"176","ML BURN G01","McLaughlin",2021,"April","2021-04-07","Burn","Forest","Grass",2.5,2,4,65,0.25,161.019236675091,49.6884928474043,15.1999998092651,12.6349995136261,80.7826829254627,97.071252822876,77.5862741470337,67.6905218064785
"177","ML BURN G02","McLaughlin",2021,"April","2021-04-07","Burn","Grassland","Grass",6.25,5,3,59.5,0.5,173.180352945686,49.6884928474043,15.1999998092651,12.6349995136261,80.7826829254627,97.071252822876,77.5862741470337,67.6905218064785
"178","ML BURN O01","McLaughlin",2021,"April","2021-04-07","Burn","Forest","Oak",7.5,6,4,74.5,4,148.145167815915,49.6884928474043,15.1999998092651,12.6349995136261,80.7826829254627,97.071252822876,77.5862741470337,67.6905218064785
"179","ML BURN O02","McLaughlin",2021,"April","2021-04-07","Burn","Forest","Oak",3.75,3,4,21,4.5,272.506879694542,49.6884928474043,15.1999998092651,12.6349995136261,80.7826829254627,97.071252822876,77.5862741470337,67.6905218064785
"180","ML UNBURN G03","McLaughlin",2021,"April","2021-04-07","Unburn","Grassland","Grass",7.5,6,0,0.75,0.25,116.722551775387,49.6884928474043,15.1999998092651,12.6349995136261,80.7826829254627,97.071252822876,77.5862741470337,67.6905218064785
"181","ML UNBURN G04","McLaughlin",2021,"April","2021-04-07","Unburn","Grassland","Grass",0,0,0,1,0.25,777.838697158492,49.6884928474043,15.1999998092651,12.6349995136261,80.7826829254627,97.071252822876,77.5862741470337,67.6905218064785
"182","ML UNBURN O02","McLaughlin",2021,"April","2021-04-07","Unburn","Forest","Oak",15,12,0,0.75,4,240.178245166175,49.6884928474043,15.1999998092651,12.6349995136261,80.7826829254627,97.071252822876,77.5862741470337,67.6905218064785
"183","ML UNBURN O03","McLaughlin",2021,"April","2021-04-07","Unburn","Forest","Oak",8.75,7,0,1.25,0.5,24.5373372289919,49.6884928474043,15.1999998092651,12.6349995136261,80.7826829254627,97.071252822876,77.5862741470337,67.6905218064785
"184","HT BURN G04","Hastings",2021,"April","2021-04-10","Burn","Grassland","Grass",5,4,3,69,0.25,375.869456878912,20.7319856023314,14.2999992370605,10.7599996328354,80.6955725153287,98.501748085022,78.3982722759247,65.1866971850395
"185","HT BURN G02","Hastings",2021,"April","2021-04-10","Burn","Grassland","Grass",3.75,3,4,50,0,674.605506987709,20.7319856023314,14.2999992370605,10.7599996328354,80.6955725153287,98.501748085022,78.3982722759247,65.1866971850395
"186","HT BURN O01","Hastings",2021,"April","2021-04-10","Burn","Forest","Oak",7.5,6,2,7,1.5,834.727521209082,20.7319856023314,14.2999992370605,10.7599996328354,80.6955725153287,98.501748085022,78.3982722759247,65.1866971850395
"187","HT BURN O04","Hastings",2021,"April","2021-04-10","Burn","Forest","Oak",5,4,3,16,1.25,590.458713507411,20.7319856023314,14.2999992370605,10.7599996328354,80.6955725153287,98.501748085022,78.3982722759247,65.1866971850395
"188","HT UNBURN O01","Hastings",2021,"April","2021-04-10","Unburn","Forest","Oak",0,0,0,0.75,3.5,573.081074579419,20.7319856023314,14.2999992370605,10.7599996328354,80.6955725153287,98.501748085022,78.3982722759247,65.1866971850395
"189","HT UNBURN O02","Hastings",2021,"April","2021-04-10","Unburn","Forest","Oak",6.25,5,0,5.5,2.25,429.623724493776,20.7319856023314,14.2999992370605,10.7599996328354,80.6955725153287,98.501748085022,78.3982722759247,65.1866971850395
"190","HT UNBURN G04","Hastings",2021,"April","2021-04-10","Unburn","Grassland","Grass",3.75,3,0,2.25,0,420.420006233058,20.7319856023314,14.2999992370605,10.7599996328354,80.6955725153287,98.501748085022,78.3982722759247,65.1866971850395
"191","HT UNBURN G03","Hastings",2021,"April","2021-04-10","Unburn","Grassland","Grass",36.25,29,0,0.5,0,525.533220316433,20.7319856023314,14.2999992370605,10.7599996328354,80.6955725153287,98.501748085022,78.3982722759247,65.1866971850395
"192","BC UNBURN R02","Big Creek",2021,"April","2021-04-12","Unburn","Forest","Redwood",5,4,0,0.5,8.5,35.4061629092449,91.4859784694625,13.6999998092651,5.87994980812073,101.835432146986,113.854251861572,90.8974978923798,100.754546687007
"193","BC UNBURN S02","Big Creek",2021,"April","2021-04-12","Unburn","Scrub","Scrub",2.5,2,0,11,14.5,128.384501485818,91.4859784694625,13.6999998092651,5.87994980812073,101.835432146986,113.854251861572,90.8974978923798,100.754546687007
"194","BC UNBURN R01","Big Creek",2021,"April","2021-04-12","Unburn","Forest","Redwood",0,0,0,1.25,7.5,21.7017321412449,91.4859784694625,14.7799997329712,8.99499988555908,131.143170724313,151.195495605469,107.920299053192,134.313717514277
"195","BC BURN S02","Big Creek",2021,"April","2021-04-12","Burn","Scrub","Scrub",0,0,4,62,4,325.808927344623,91.4859784694625,14.7799997329712,8.99499988555908,131.143170724313,151.195495605469,107.920299053192,134.313717514277
"196","BC BURN R03","Big Creek",2021,"April","2021-04-12","Burn","Forest","Redwood",0,0,4,6.5,9.5,374.530449047376,91.4859784694625,14.7799997329712,8.99499988555908,131.143170724313,151.195495605469,107.920299053192,134.313717514277
"197","BC BURN S01","Big Creek",2021,"April","2021-04-12","Burn","Scrub","Scrub",0,0,4,59.5,8.5,324.5486560943,91.4859784694625,14.7799997329712,8.99499988555908,131.143170724313,151.195495605469,107.920299053192,134.313717514277
"198","ML BURN G01","McLaughlin",2021,"May","2021-05-05","Burn","Grassland","Grass",2.5,2,4,65,0.25,161.019236675091,49.6884928474043,15.1999998092651,12.6349995136261,80.7826829254627,97.071252822876,77.5862741470337,67.6905218064785
"199","ML BURN G02","McLaughlin",2021,"May","2021-05-05","Burn","Grassland","Grass",1.25,1,3,59.5,0.5,173.180352945686,49.6884928474043,15.1999998092651,12.6349995136261,80.7826829254627,97.071252822876,77.5862741470337,67.6905218064785
"200","ML BURN O01","McLaughlin",2021,"May","2021-05-05","Burn","Forest","Oak",2.5,2,4,74.5,4,148.145167815915,49.6884928474043,15.1999998092651,12.6349995136261,80.7826829254627,97.071252822876,77.5862741470337,67.6905218064785
"201","ML BURN O02","McLaughlin",2021,"May","2021-05-05","Burn","Forest","Oak",0,0,4,21,4.5,272.506879694542,49.6884928474043,15.1999998092651,12.6349995136261,80.7826829254627,97.071252822876,77.5862741470337,67.6905218064785
"202","ML UNBURN O03","McLaughlin",2021,"May","2021-05-05","Unburn","Forest","Oak",8.75,7,0,1.25,0.5,24.5373372289919,49.6884928474043,15.1999998092651,12.6349995136261,80.7826829254627,97.071252822876,77.5862741470337,67.6905218064785
"203","ML UNBURN G03","McLaughlin",2021,"May","2021-05-05","Unburn","Grassland","Grass",0,0,0,0.75,0.25,116.722551775387,49.6884928474043,15.1999998092651,12.6349995136261,80.7826829254627,97.071252822876,77.5862741470337,67.6905218064785
"204","ML UNBURN O02","McLaughlin",2021,"May","2021-05-05","Unburn","Forest","Oak",27.5,22,0,0.75,4,240.178245166175,49.6884928474043,15.1999998092651,12.6349995136261,80.7826829254627,97.071252822876,77.5862741470337,67.6905218064785
"205","ML UNBURN G04","McLaughlin",2021,"May","2021-05-05","Unburn","Grassland","Grass",2.5,2,0,1,0.25,777.838697158492,49.6884928474043,15.1999998092651,12.6349995136261,80.7826829254627,97.071252822876,77.5862741470337,67.6905218064785
"206","HT BURN G04","Hastings",2021,"May","2021-05-09","Burn","Grassland","Grass",0,0,3,69,0.25,375.869456878912,20.7319856023314,14.2999992370605,10.7599996328354,80.6955725153287,98.501748085022,78.3982722759247,65.1866971850395
"207","HT BURN G02","Hastings",2021,"May","2021-05-09","Burn","Grassland","Grass",0,0,4,50,0,674.605506987709,20.7319856023314,14.2999992370605,10.7599996328354,80.6955725153287,98.501748085022,78.3982722759247,65.1866971850395
"208","HT BURN O01","Hastings",2021,"May","2021-05-09","Burn","Forest","Oak",1.25,1,2,7,1.5,834.727521209082,20.7319856023314,14.2999992370605,10.7599996328354,80.6955725153287,98.501748085022,78.3982722759247,65.1866971850395
"209","HT BURN O04","Hastings",2021,"May","2021-05-09","Burn","Forest","Oak",0,0,3,16,1.25,590.458713507411,20.7319856023314,14.2999992370605,10.7599996328354,80.6955725153287,98.501748085022,78.3982722759247,65.1866971850395
"210","HT UNBURN O02","Hastings",2021,"May","2021-05-09","Unburn","Forest","Oak",1.25,1,0,5.5,2.25,429.623724493776,20.7319856023314,14.2999992370605,10.7599996328354,80.6955725153287,98.501748085022,78.3982722759247,65.1866971850395
"211","HT UNBURN O01","Hastings",2021,"May","2021-05-09","Unburn","Forest","Oak",0,0,0,0.75,3.5,573.081074579419,20.7319856023314,14.2999992370605,10.7599996328354,80.6955725153287,98.501748085022,78.3982722759247,65.1866971850395
"212","HT UNBURN G04","Hastings",2021,"May","2021-05-09","Unburn","Grassland","Grass",5,4,0,2.25,0,420.420006233058,20.7319856023314,14.2999992370605,10.7599996328354,80.6955725153287,98.501748085022,78.3982722759247,65.1866971850395
"213","HT UNBURN G03","Hastings",2021,"May","2021-05-09","Unburn","Grassland","Grass",6.25,5,0,0.5,0,525.533220316433,20.7319856023314,14.2999992370605,10.7599996328354,80.6955725153287,98.501748085022,78.3982722759247,65.1866971850395
"214","BC UNBURN R02","Big Creek",2021,"May","2021-05-10","Unburn","Forest","Redwood",10,8,0,0.5,8.5,35.4061629092449,91.4859784694625,13.6999998092651,5.87994980812073,101.835432146986,113.854251861572,90.8974978923798,100.754546687007
"215","BC UNBURN S03","Big Creek",2021,"May","2021-05-10","Unburn","Scrub","Scrub",7.5,6,0,15,17,93.0713370438861,91.4859784694625,13.6999998092651,5.87994980812073,101.835432146986,113.854251861572,90.8974978923798,100.754546687007
"216","BC UNBURN S02","Big Creek",2021,"May","2021-05-10","Unburn","Scrub","Scrub",3.75,3,0,11,14.5,128.384501485818,91.4859784694625,13.6999998092651,5.87994980812073,101.835432146986,113.854251861572,90.8974978923798,100.754546687007
"217","BC BURN R01","Big Creek",2021,"May","2021-05-10","Burn","Forest","Redwood",0,0,4,7,9.5,381.867034325163,91.4859784694625,13.6999998092651,5.87994980812073,101.835432146986,113.854251861572,90.8974978923798,100.754546687007
"218","BC BURN S02","Big Creek",2021,"May","2021-05-10","Burn","Scrub","Scrub",0,0,4,62,4,325.808927344623,91.4859784694625,14.7799997329712,8.99499988555908,131.143170724313,151.195495605469,107.920299053192,134.313717514277
"219","BC BURN R03","Big Creek",2021,"May","2021-05-10","Burn","Forest","Redwood",0,0,4,6.5,9.5,374.530449047376,91.4859784694625,14.7799997329712,8.99499988555908,131.143170724313,151.195495605469,107.920299053192,134.313717514277
"220","BC BURN S01","Big Creek",2021,"May","2021-05-10","Burn","Scrub","Scrub",0,0,4,59.5,8.5,324.5486560943,91.4859784694625,14.7799997329712,8.99499988555908,131.143170724313,151.195495605469,107.920299053192,134.313717514277
"221","ML UNBURN G04","McLaughlin",2021,"June","2021-06-02","Unburn","Grassland","Grass",0,0,0,1,0.25,777.838697158492,49.6884928474043,15.1999998092651,12.6349995136261,80.7826829254627,97.071252822876,77.5862741470337,67.6905218064785
"222","ML BURN G01","McLaughlin",2021,"June","2021-06-02","Burn","Grassland","Grass",0,0,4,65,0.25,161.019236675091,49.6884928474043,15.1999998092651,12.6349995136261,80.7826829254627,97.071252822876,77.5862741470337,67.6905218064785
"223","ML BURN G02","McLaughlin",2021,"June","2021-06-02","Burn","Grassland","Grass",0,0,3,59.5,0.5,173.180352945686,49.6884928474043,15.1999998092651,12.6349995136261,80.7826829254627,97.071252822876,77.5862741470337,67.6905218064785
"224","ML BURN O01","McLaughlin",2021,"June","2021-06-02","Burn","Forest","Oak",1.25,1,4,74.5,4,148.145167815915,49.6884928474043,15.1999998092651,12.6349995136261,80.7826829254627,97.071252822876,77.5862741470337,67.6905218064785
"225","ML BURN O02","McLaughlin",2021,"June","2021-06-02","Burn","Forest","Oak",0,0,4,21,4.5,272.506879694542,49.6884928474043,15.1999998092651,12.6349995136261,80.7826829254627,97.071252822876,77.5862741470337,67.6905218064785
"226","ML UNBURN O02","McLaughlin",2021,"June","2021-06-02","Unburn","Forest","Oak",0,0,0,0.75,4,240.178245166175,49.6884928474043,15.1999998092651,12.6349995136261,80.7826829254627,97.071252822876,77.5862741470337,67.6905218064785
"227","ML UNBURN G03","McLaughlin",2021,"June","2021-06-02","Unburn","Grassland","Grass",0,0,0,0.75,0.25,116.722551775387,49.6884928474043,15.1999998092651,12.6349995136261,80.7826829254627,97.071252822876,77.5862741470337,67.6905218064785
"228","ML UNBURN O03","McLaughlin",2021,"June","2021-06-02","Unburn","Forest","Oak",0,0,0,1.25,0.5,24.5373372289919,49.6884928474043,15.1999998092651,12.6349995136261,80.7826829254627,97.071252822876,77.5862741470337,67.6905218064785
"229","HT BURN G04","Hastings",2021,"June","2021-06-06","Burn","Grassland","Grass",0,0,3,69,0.25,375.869456878912,20.7319856023314,14.2999992370605,10.7599996328354,80.6955725153287,98.501748085022,78.3982722759247,65.1866971850395
"230","HT BURN G02","Hastings",2021,"June","2021-06-06","Burn","Grassland","Grass",0,0,4,50,0,674.605506987709,20.7319856023314,14.2999992370605,10.7599996328354,80.6955725153287,98.501748085022,78.3982722759247,65.1866971850395
"231","HT BURN O01","Hastings",2021,"June","2021-06-06","Burn","Forest","Oak",0,0,2,7,1.5,834.727521209082,20.7319856023314,14.2999992370605,10.7599996328354,80.6955725153287,98.501748085022,78.3982722759247,65.1866971850395
"232","HT BURN O04","Hastings",2021,"June","2021-06-06","Burn","Forest","Oak",0,0,3,16,1.25,590.458713507411,20.7319856023314,14.2999992370605,10.7599996328354,80.6955725153287,98.501748085022,78.3982722759247,65.1866971850395
"233","HT UNBURN O02","Hastings",2021,"June","2021-06-06","Unburn","Forest","Oak",0,0,0,5.5,2.25,429.623724493776,20.7319856023314,14.2999992370605,10.7599996328354,80.6955725153287,98.501748085022,78.3982722759247,65.1866971850395
"234","HT UNBURN O01","Hastings",2021,"June","2021-06-06","Unburn","Forest","Oak",0,0,0,0.75,3.5,573.081074579419,20.7319856023314,14.2999992370605,10.7599996328354,80.6955725153287,98.501748085022,78.3982722759247,65.1866971850395
"235","HT UNBURN G04","Hastings",2021,"June","2021-06-06","Unburn","Grassland","Grass",0,0,0,2.25,0,420.420006233058,20.7319856023314,14.2999992370605,10.7599996328354,80.6955725153287,98.501748085022,78.3982722759247,65.1866971850395
"236","HT UNBURN G03","Hastings",2021,"June","2021-06-06","Unburn","Grassland","Grass",0,0,0,0.5,0,525.533220316433,20.7319856023314,14.2999992370605,10.7599996328354,80.6955725153287,98.501748085022,78.3982722759247,65.1866971850395
"237","BC UNBURN R02","Big Creek",2021,"June","2021-06-07","Unburn","Forest","Redwood",7.5,6,0,0.5,8.5,35.4061629092449,91.4859784694625,13.6999998092651,5.87994980812073,101.835432146986,113.854251861572,90.8974978923798,100.754546687007
"238","BC UNBURN S03","Big Creek",2021,"June","2021-06-07","Unburn","Scrub","Scrub",5,4,0,15,17,93.0713370438861,91.4859784694625,13.6999998092651,5.87994980812073,101.835432146986,113.854251861572,90.8974978923798,100.754546687007
"239","BC UNBURN S02","Big Creek",2021,"June","2021-06-07","Unburn","Scrub","Scrub",0,0,0,11,14.5,128.384501485818,91.4859784694625,13.6999998092651,5.87994980812073,101.835432146986,113.854251861572,90.8974978923798,100.754546687007
"240","BC BURN R01","Big Creek",2021,"June","2021-06-07","Burn","Forest","Redwood",0,0,4,7,9.5,381.867034325163,91.4859784694625,13.6999998092651,5.87994980812073,101.835432146986,113.854251861572,90.8974978923798,100.754546687007
"241","BC BURN S02","Big Creek",2021,"June","2021-06-07","Burn","Scrub","Scrub",0,0,4,62,4,325.808927344623,91.4859784694625,14.7799997329712,8.99499988555908,131.143170724313,151.195495605469,107.920299053192,134.313717514277
"242","BC BURN R03","Big Creek",2021,"June","2021-06-07","Burn","Forest","Redwood",0,0,4,6.5,9.5,374.530449047376,91.4859784694625,14.7799997329712,8.99499988555908,131.143170724313,151.195495605469,107.920299053192,134.313717514277
"243","BC BURN S01","Big Creek",2021,"June","2021-06-07","Burn","Scrub","Scrub",0,0,4,59.5,8.5,324.5486560943,91.4859784694625,14.7799997329712,8.99499988555908,131.143170724313,151.195495605469,107.920299053192,134.313717514277
"244","BC UNBURN R01","Big Creek",2021,"June","2021-06-07","Unburn","Forest","Redwood",0,0,0,1.25,7.5,21.7017321412449,91.4859784694625,14.7799997329712,8.99499988555908,131.143170724313,151.195495605469,107.920299053192,134.313717514277
"245","QR BURN G01","Quail Ridge",2021,"May","2021-05-06","Burn","Grassland","Grass",0,0,3,75,1.5,1489.37550606572,97.9720881793679,14.8399991989136,10.3699997663498,66.062132487384,71.2742509841919,61.0365734100342,65.8755730679259
"246","QR BURN G02","Quail Ridge",2021,"May","2021-05-06","Burn","Grassland","Grass",0,0,3,17.5,0.25,1072.00698147137,97.9720881793679,15.7399997711182,11.6399995684624,58.22483142217,60.4744992256165,54.4791731834412,59.7208218574524
"247","QR BURN G03","Quail Ridge",2021,"May","2021-05-06","Burn","Grassland","Grass",0,0,4,92,0.25,340.616692366123,97.9720881793679,15.789999961853,11.3999996185303,57.5095992088318,61.1855001449585,52.3330984115601,59.0101990699768
"248","QR BURN O01","Quail Ridge",2021,"May","2021-05-06","Burn","Forest","Oak",0,0,4,22.5,0.5,1141.52287131183,97.9720881793679,15.5599994659424,11.0299997329712,61.6951918217043,65.712251663208,57.0484991073608,62.3248246945441
"249","QR BURN O02","Quail Ridge",2021,"May","2021-05-06","Burn","Forest","Oak",0,0,4,71,4,509.987879937924,97.9720881793679,15.789999961853,11.3999996185303,57.5095992088318,61.1855001449585,52.3330984115601,59.0101990699768
"250","QR BURN O03","Quail Ridge",2021,"May","2021-05-06","Burn","Forest","Oak",0,0,4,74.5,6.5,327.323516017221,97.9720881793679,15.789999961853,11.3999996185303,57.5095992088318,61.1855001449585,52.3330984115601,59.0101990699768
